<?xml version='1.0' encoding='UTF-8'?>
<faces-config version="2.2"
              xmlns="http://xmlns.jcp.org/xml/ns/javaee"
              xmlns:xsi="http://www.w3.org/2001/XMLSchema-instance"
              xsi:schemaLocation="http://xmlns.jcp.org/xml/ns/javaee http://xmlns.jcp.org/xml/ns/javaee/web-facesconfig_2_2.xsd">
    <managed-bean>
        <managed-bean-name>enderecoController</managed-bean-name>
        <managed-bean-class>frb.edu.br.victor.controladores.Ator_FilmeController</managed-bean-class>
    
        <managed-bean-scope>session</managed-bean-scope></managed-bean>
    <navigation-rule>
        <from-view-id>/index.xhtml</from-view-id>
        <navigation-case>
            <from-outcome>vaiParaEnderecoListagem</from-outcome>
            <to-view-id>/EnderecoListagem.xhtml</to-view-id>
        </navigation-case>
        <navigation-case>
            <from-outcome>irParaListagemCidade</from-outcome>
            <to-view-id>/CidadeListagem.xhtml</to-view-id>
        </navigation-case>
        <navigation-case>
            <from-outcome>irParaListagemPais</from-outcome>
            <to-view-id>/PaisListagem.xhtml</to-view-id>
        </navigation-case>
        <navigation-case>
            <from-outcome>irParaListagemPais</from-outcome>
            <to-view-id>/teste01.jsp</to-view-id>
        </navigation-case>
    </navigation-rule>
    <navigation-rule>
        <from-view-id>/EnderecoListagem.xhtml</from-view-id>
        <navigation-case>
            <from-outcome>vaiParaIndex</from-outcome>
            <to-view-id>/index.xhtml</to-view-id>
        </navigation-case>
        <navigation-case>
            <from-outcome>irPAraENderecoIncluir</from-outcome>
            <to-view-id>/EnderecoIncluir.xhtml</to-view-id>
        </navigation-case>
        <navigation-case>
            <from-outcome>irParaEditar</from-outcome>
            <to-view-id>/EnderecoEditar.xhtml</to-view-id>
        </navigation-case>
        <navigation-case>
            <from-outcome>irParaDetalhe</from-outcome>
            <to-view-id>/EnderecoDetalhe.xhtml</to-view-id>
        </navigation-case>
        <navigation-case>
            <from-outcome>refresh</from-outcome>
            <to-view-id>/EnderecoListagem.xhtml</to-view-id>
        </navigation-case>
    </navigation-rule>
    <navigation-rule>
        <from-view-id>/EnderecoIncluir.xhtml</from-view-id>
        <navigation-case>
            <from-outcome>voltaParaListagem</from-outcome>
            <to-view-id>/EnderecoListagem.xhtml</to-view-id>
        </navigation-case>
    </navigation-rule>
    <navigation-rule>
        <from-view-id>/EnderecoEditar.xhtml</from-view-id>
        <navigation-case>
            <from-outcome>voltaParaListagem</from-outcome>
            <to-view-id>/EnderecoListagem.xhtml</to-view-id>
        </navigation-case>
    </navigation-rule>
    <navigation-rule>
        <from-view-id>/EnderecoDetalhe.xhtml</from-view-id>
        <navigation-case>
            <from-outcome>voltaParaListagem</from-outcome>
            <to-view-id>/EnderecoListagem.xhtml</to-view-id>
        </navigation-case>
        <navigation-case>
            <from-outcome>irParaEditar</from-outcome>
            <to-view-id>/EnderecoEditar.xhtml</to-view-id>
        </navigation-case>
    </navigation-rule>
    <navigation-rule>
        <from-view-id>/CidadeListagem.xhtml</from-view-id>
        <navigation-case>
            <from-outcome>vaiParaIndex</from-outcome>
            <to-view-id>/index.xhtml</to-view-id>
        </navigation-case>
        <navigation-case>
            <from-outcome>irPAraCidadeIncluir</from-outcome>
            <to-view-id>/CidadeIncluir.xhtml</to-view-id>
        </navigation-case>
        <navigation-case>
            <from-outcome>irParaCidadeEditar</from-outcome>
            <to-view-id>/CidadeEditar.xhtml</to-view-id>
        </navigation-case>
        <navigation-case>
            <from-outcome>irParaCidadeDetalhe</from-outcome>
            <to-view-id>/CidadeDetalhe.xhtml</to-view-id>
        </navigation-case>
    </navigation-rule>
    <navigation-rule>
        <from-view-id>/CidadeIncluir.xhtml</from-view-id>
        <navigation-case>
            <from-outcome>voltaParaListagem</from-outcome>
            <to-view-id>/CidadeListagem.xhtml</to-view-id>
        </navigation-case>
    </navigation-rule>
    <navigation-rule>
        <from-view-id>/CidadeEditar.xhtml</from-view-id>
        <navigation-case>
            <from-outcome>voltaParaListagem</from-outcome>
            <to-view-id>/CidadeListagem.xhtml</to-view-id>
        </navigation-case>
    </navigation-rule>
    <navigation-rule>
        <from-view-id>/PaisListagem.xhtml</from-view-id>
        <navigation-case>
            <from-outcome>vaiParaIndex</from-outcome>
            <to-view-id>/index.xhtml</to-view-id>
        </navigation-case>
        <navigation-case>
            <from-outcome>irParaPaisIncluir</from-outcome>
            <to-view-id>/PaisIncluir.xhtml</to-view-id>
        </navigation-case>
        <navigation-case>
            <from-outcome>irParaDetalhe</from-outcome>
            <to-view-id>/PaisDetalhe.xhtml</to-view-id>
        </navigation-case>
        <navigation-case>
            <from-outcome>irParaEditar</from-outcome>
            <to-view-id>/PaisEditar.xhtml</to-view-id>
        </navigation-case>
    </navigation-rule>
    <navigation-rule>
        <from-view-id>/PaisIncluir.xhtml</from-view-id>
        <navigation-case>
            <from-outcome>voltaParaListagem</from-outcome>
            <to-view-id>/PaisListagem.xhtml</to-view-id>
        </navigation-case>
    </navigation-rule>
    <navigation-rule>
        <from-view-id>/PaisDetalhe.xhtml</from-view-id>
        <navigation-case>
            <from-outcome>voltaParaListagem</from-outcome>
            <to-view-id>/PaisListagem.xhtml</to-view-id>
        </navigation-case>
        <navigation-case>
            <from-outcome>irParaEditar</from-outcome>
            <to-view-id>/PaisEditar.xhtml</to-view-id>
        </navigation-case>
    </navigation-rule>
    <navigation-rule>
        <from-view-id>/PaisEditar.xhtml</from-view-id>
        <navigation-case>
            <from-outcome>voltaParaListagem</from-outcome>
            <to-view-id>/PaisListagem.xhtml</to-view-id>
        </navigation-case>
    </navigation-rule>
    <navigation-rule>
        <from-view-id>/CidadeDetalhe.xhtml</from-view-id>
        <navigation-case>
            <from-outcome>voltaParaListagem</from-outcome>
            <to-view-id>/CidadeListagem.xhtml</to-view-id>
        </navigation-case>
        <navigation-case>
            <from-outcome>irParaEditarCidade</from-outcome>
            <to-view-id>/CidadeEditar.xhtml</to-view-id>
        </navigation-case>
    </navigation-rule>
    <navigation-rule>
        <from-view-id>/teste01.jsp</from-view-id>
        <navigation-case>
            <from-outcome>irParaPaisIncluir</from-outcome>
            <to-view-id>/index.xhtml</to-view-id>
        </navigation-case>
    </navigation-rule>
    <managed-bean>
        <managed-bean-name>cidadeControle</managed-bean-name>
        <managed-bean-class>frb.edu.br.victor.controladores.CidadeControle</managed-bean-class>
    
        <managed-bean-scope>request</managed-bean-scope></managed-bean>
</faces-config>
